id,from_id,to_id,road_name,bidirectional,distance_km,travel_time_min,traffic
e1,n1,n2,Valfajr,TRUE,2.693,2.308285714,0.3
e2,n2,n3,Emam Reza,TRUE,1.927,1.651714286,0.6
e3,n1,n4,SH.Deh Haghi,TRUE,3.018,2.586857143,0.3
e4,n1,n22,Basij,TRUE,3.867,3.314571429,0.6
e5,n3,n4,Khavaran,TRUE,6.122,5.247428571,0.6
e6,n3,n5,SH.Hossein Salami,TRUE,2.374,2.034857143,0.6
e7,n3,n6,SH.Hossein Salami,TRUE,2.438,2.089714286,0.6
e8,n6,n7,Emam Ali,TRUE,1.91,1.637142857,0.85
e9,n6,n10,SH.Ebrahim Raesi,TRUE,4.674,4.006285714,0.6
e10,n5,n11,SH.Hossein Salami,TRUE,4.195,3.595714286,0.6
e11,n10,n11,SH.Rajaee,TRUE,1.69,1.448571429,0.3
e12,n10,n12,SH.Tondgouyan,TRUE,1.95,1.671428571,0.6
e13,n11,n12,SH.Tondgouyan,TRUE,1.45,1.242857143,0.6
e14,n13,n14,Azadegan,TRUE,5,4.285714286,0.6
e15,n14,n15,A.Mahdavi Kani,TRUE,4.472,3.833142857,0.6
e16,n15,n16,A.Mahdavi Kani,TRUE,4.151,3.558,0.6
e17,n12,n17,A.Saeedi,TRUE,7.537,6.460285714,0.6
e18,n9,n18,Kargar,TRUE,3.477,2.980285714,0.85
e19,n18,n19,15 Khordad,TRUE,2.246,1.925142857,0.85
e20,n4,n20,SH.Mahallati,TRUE,2.804,2.403428571,0.6
e21,n7,n20,Emam Ali,TRUE,2.16,1.851428571,0.85
e22,n8,n20,17 Shahrivar,TRUE,1.544,1.323428571,0.6
e23,n20,n21,17 Shahrivar,TRUE,1.567,1.343142857,0.6
e24,n22,n23,30 metri,TRUE,1.557,1.334571429,0.3
e25,n22,n24,Piroozi,TRUE,3.984,3.414857143,0.6
e26,n21,n24,17 Shahrivar,TRUE,1.517,1.300285714,0.6
e27,n19,n24,SH.Mostafa Khomeini,TRUE,3.173,2.719714286,0.85
e28,n25,n26,Enghelab,TRUE,2.371,2.032285714,0.85
e29,n18,n26,Valiasr,TRUE,1.557,1.334571429,0.85
e30,n26,n27,Enghelab,TRUE,1.809,1.550571429,0.85
e31,n27,n28,Azadi,TRUE,5.954,5.103428571,0.85
e32,n17,n28,A.Saeedi,TRUE,3.409,2.922,0.6
e33,n15,n28,SH.Lashgari,TRUE,8.229,7.053428571,0.6
e34,n16,n29,A.Mahdavi Kani,TRUE,6.566,5.628,0.6
e35,n28,n30,SH.Bakeri,TRUE,6.424,5.506285714,0.6
e36,n31,n32,SH.Fazl Allah Noori,TRUE,2.371,2.032285714,0.85
e37,n27,n32,SH.Chamran,TRUE,3.054,2.617714286,0.6
e38,n27,n33,SH.Chamran,TRUE,2.267,1.943142857,0.6
e39,n25,n34,SH.Mofateh,TRUE,3.505,3.004285714,0.6
e40,n34,n35,SH.Ghodousi,TRUE,2.537,2.174571429,0.6
e41,n23,n36,Emamat,TRUE,1.888,1.618285714,0.3
e42,n38,n39,SH.Zein Aldin,TRUE,4.248,3.641142857,0.6
e43,n39,n40,SH.Soleimani,TRUE,2.789,2.390571429,1
e44,n36,n40,Ayat,TRUE,1.2,1.028571429,0.3
e45,n40,n41,Janbazan,TRUE,2.149,1.842,0.6
e46,n34,n42,SH.Motahari,TRUE,2.426,2.079428571,0.85
e47,n31,n43,Yadegar Emam,TRUE,2.342,2.007428571,0.6
e48,n32,n43,SH.Fazl Allah Noori,TRUE,3.224,2.763428571,0.85
e49,n43,n44,A.Hakim,TRUE,3.924,3.363428571,1
e50,n28,n44,SH.Bakeri,TRUE,6.798,5.826857143,0.6
e51,n30,n44,SH.Bakeri,TRUE,2.55,2.185714286,0.6
e52,n43,n45,Yadegar Emam,TRUE,2.557,2.191714286,0.6
e53,n45,n46,SH.Hemmat,TRUE,3.176,2.722285714,1
e54,n34,n47,SH.Modarres,TRUE,3.11,2.665714286,0.6
e55,n41,n47,SH.Soleimani,TRUE,4.789,4.104857143,1
e56,n47,n48,SH.Hemmat,TRUE,4.085,3.501428571,1
e57,n39,n48,SH.Zein Aldin,TRUE,5.237,4.488857143,0.6
e58,n48,n49,Emam Ali,TRUE,5.155,4.418571429,0.85
e59,n49,n50,SH.Babaee,TRUE,3.47,2.974285714,0.85
e60,n50,n51,SH.Sayad Shirazi,TRUE,2.682,2.298857143,0.85
e61,n50,n52,SH.Sadr,TRUE,2.438,2.089714286,1
e62,n52,n53,Shariati,TRUE,1.943,1.665428571,0.6
e63,n47,n53,Shariati,TRUE,2.558,2.192571429,0.6
e64,n47,n54,SH.Modarres,TRUE,4.229,3.624857143,0.6
e65,n45,n55,Yadegar Emam,TRUE,4.086,3.502285714,0.6
e66,n54,n56,SH.Modarres,TRUE,2.755,2.361428571,0.6
e67,n55,n56,SH.Chamran,TRUE,3.184,2.729142857,0.6
e68,n38,n57,SH.Babaee,TRUE,2.884,2.472,0.85
e69,n49,n57,SH.Babaee,TRUE,5.19,4.448571429,0.85
e70,n36,n58,Damavand,TRUE,2.094,1.794857143,0.6
e71,n39,n58,Damavand,TRUE,1.545,1.324285714,0.6
e72,n24,n59,Damavand,TRUE,4.026,3.450857143,0.6
e73,n36,n59,Damavand,TRUE,1.123,0.962571429,0.6
e74,n22,n60,SH.Yasini,TRUE,1.348,1.155428571,0.6
e75,n37,n60,SH.Yasini,TRUE,1.777,1.523142857,0.6
e76,n21,n61,Piroozi,TRUE,1.926,1.650857143,0.6
e77,n22,n61,Piroozi,TRUE,1.269,1.087714286,0.6
e78,n37,n62,SH.Yasini,TRUE,1.138,0.975428571,0.6
e79,n39,n62,SH.Yasini,TRUE,2.131,1.826571429,0.6
e80,n4,n63,Abouzar,TRUE,0.585,0.501428571,0.3
e81,n22,n63,Abouzar,TRUE,0.48,0.411428571,0.3
e82,n20,n64,Piroozi,TRUE,1.621,1.389428571,0.6
e83,n22,n64,Piroozi,TRUE,1.97,1.688571429,0.6
e84,n35,n65,Janbazan,TRUE,1.062,0.910285714,0.6
e85,n41,n65,Janbazan,TRUE,0.286,0.245142857,0.6
e86,n42,n66,A.Hakim,TRUE,3.087,2.646,1
e87,n43,n66,A.Hakim,TRUE,3.266,2.799428571,1
e88,n33,n67,Valiasr,TRUE,1.279,1.096285714,0.85
e89,n42,n67,Valiasr,TRUE,1.382,1.184571429,0.85
e90,n26,n68,Valiasr,TRUE,0.454,0.389142857,0.85
e91,n33,n68,Valiasr,TRUE,1.127,0.966,0.85
e92,n24,n69,Enghelab,TRUE,0.465,0.398571429,0.85
e93,n25,n69,Enghelab,TRUE,0.722,0.618857143,0.85
e94,n19,n70,SH.Mostafa Khomeini,TRUE,1.037,0.888857143,0.85
e95,n25,n70,SH.Mostafa Khomeini,TRUE,1.58,1.354285714,0.85
e96,n18,n71,Kargar,TRUE,1.197,1.026,0.85
e97,n27,n71,Kargar,TRUE,1.125,0.964285714,0.85
e98,n8,n72,Shoosh,TRUE,2.352,2.016,0.6
e99,n9,n72,Shoosh,TRUE,2.016,1.728,0.6
e100,n7,n73,17 Shahrivar,TRUE,0.849,0.727714286,0.6
e101,n8,n73,17 Shahrivar,TRUE,0.351,0.300857143,0.6
e102,n46,n74,SH.Hemmat,TRUE,3.582,3.070285714,1
e103,n47,n74,SH.Hemmat,TRUE,1.089,0.933428571,1
e104,n46,n75,SH.Chamran,TRUE,1.346,1.153714286,0.6
e105,n55,n75,SH.Chamran,TRUE,1.226,1.050857143,0.6
e106,n44,n76,SH.Abshenasan,TRUE,1.105,0.947142857,0.6
e107,n45,n76,SH.Abshenasan,TRUE,1.461,1.252285714,0.6
e108,n29,n77,SH.Kharazi,TRUE,1.511,1.295142857,0.6
e109,n30,n77,SH.Kharazi,TRUE,0.962,0.824571429,0.6
e110,n28,n78,SH.Fazl Allah Noori,TRUE,1.562,1.338857143,0.85
e111,n31,n78,SH.Fazl Allah Noori,TRUE,1.123,0.962571429,0.85
e112,n9,n79,SH.Tondgouyan,TRUE,1.621,1.389428571,0.6
e113,n12,n79,SH.Tondgouyan,TRUE,1.362,1.167428571,0.6
e114,n12,n80,Azadegan,TRUE,5.005,4.29,0.6
e115,n13,n80,Azadegan,TRUE,3.112,2.667428571,0.6
e116,n1,n81,Basij,TRUE,1.518,1.301142857,0.6
e117,n3,n81,Basij,TRUE,2.128,1.824,0.6
e118,n5,n82,SH.Rajab Nia,TRUE,0.563,0.482571429,0.3
e119,n6,n82,SH.Rajab Nia,TRUE,0.894,0.766285714,0.3
e120,n14,n83,Fath,TRUE,4.529,3.882,0.6
e121,n17,n83,Fath,TRUE,2.906,2.490857143,0.6
e122,n53,n84,Shariati,TRUE,0.96,0.822857143,0.6
e123,n54,n84,Shariati,TRUE,1.326,1.136571429,0.6
e124,n48,n85,SH.Sayad Shirazi,TRUE,1.567,1.343142857,0.85
e125,n51,n85,SH.Sayad Shirazi,TRUE,1.005,0.861428571,0.85
